N0.HOG00024,N0.HOG00057,N0.HOG00027,N0.HOG00091,N0.HOG00020,N0.HOG00035,N0.HOG00044,N0.HOG00018,N0.HOG00140,N0.HOG00345,N0.HOG00272,N0.HOG00093,N0.HOG00023
N0.HOG00280,N0.HOG02410,N0.HOG00553
N0.HOG00068,N0.HOG05459,N0.HOG06922
N0.HOG03895,N0.HOG00887
N0.HOG00245,N0.HOG00656
N0.HOG03590,N0.HOG01335,N0.HOG00207
N0.HOG00528,N0.HOG00124,N0.HOG00135
N0.HOG00377,N0.HOG03526,N0.HOG01177
N0.HOG01238,N0.HOG00660,N0.HOG00185
N0.HOG06651,N0.HOG00583,N0.HOG06176
N0.HOG01691,N0.HOG00118
N0.HOG00539,N0.HOG03279
N0.HOG00211,N0.HOG02650
N0.HOG01365,N0.HOG01180,N0.HOG04267
N0.HOG00239,N0.HOG01470,N0.HOG01868
N0.HOG00440,N0.HOG04265,N0.HOG05303
N0.HOG01354,N0.HOG06914,N0.HOG05514
N0.HOG04145,N0.HOG00236
N0.HOG05131,N0.HOG00906,N0.HOG00867
N0.HOG07060,N0.HOG04460,N0.HOG01446
N0.HOG03609,N0.HOG02434,N0.HOG03793
N0.HOG04884,N0.HOG01236,N0.HOG05764
N0.HOG04856,N0.HOG02913,N0.HOG00647
N0.HOG00886,N0.HOG04722,N0.HOG06456
N0.HOG03571,N0.HOG01348
N0.HOG03116,N0.HOG04830,N0.HOG04503
N0.HOG06393,N0.HOG01978
N0.HOG05005,N0.HOG07313
N0.HOG00143,N0.HOG00112
N0.HOG00812,N0.HOG03229
N0.HOG07312,N0.HOG00545
N0.HOG04910,N0.HOG00362
N0.HOG00457,N0.HOG00360
N0.HOG07124,N0.HOG01314
N0.HOG00123,N0.HOG00599
N0.HOG03765,N0.HOG04584
N0.HOG03982,N0.HOG00651
N0.HOG00147,N0.HOG01487
N0.HOG00393,N0.HOG00858
N0.HOG00205,N0.HOG00818
N0.HOG00083,N0.HOG00321
N0.HOG00718,N0.HOG00282
N0.HOG01085,N0.HOG05336
N0.HOG00670,N0.HOG02312
N0.HOG01375,N0.HOG03627
N0.HOG01297,N0.HOG04121
N0.HOG01212,N0.HOG05292
N0.HOG01791,N0.HOG01575
N0.HOG06695,N0.HOG00265
N0.HOG04774,N0.HOG01039
N0.HOG05339,N0.HOG00913
N0.HOG00086,N0.HOG00139
N0.HOG02009,N0.HOG05637
N0.HOG01426,N0.HOG01447
N0.HOG00204,N0.HOG01355
N0.HOG02364,N0.HOG00351
N0.HOG00757,N0.HOG07026
N0.HOG01342,N0.HOG04134
N0.HOG05787,N0.HOG00710
N0.HOG00560,N0.HOG01665
N0.HOG00175,N0.HOG05627
N0.HOG01526,N0.HOG02415
N0.HOG00409,N0.HOG03647
N0.HOG07157,N0.HOG00622
N0.HOG00350,N0.HOG02125
N0.HOG02645,N0.HOG00856
N0.HOG03938,N0.HOG00475
N0.HOG00596,N0.HOG06398
N0.HOG03390,N0.HOG01130
N0.HOG00544,N0.HOG03687
N0.HOG05603,N0.HOG01360
N0.HOG05713,N0.HOG00476
N0.HOG00717,N0.HOG01452
N0.HOG06586,N0.HOG01512
N0.HOG00876,N0.HOG05168
N0.HOG03373,N0.HOG01072
N0.HOG05827,N0.HOG00279
N0.HOG03527,N0.HOG03922
N0.HOG00773,N0.HOG01469
N0.HOG06306,N0.HOG02837
N0.HOG07377,N0.HOG02238
N0.HOG04019,N0.HOG02756
N0.HOG02341,N0.HOG04336
N0.HOG01124,N0.HOG06315
N0.HOG04478,N0.HOG01608
N0.HOG05370,N0.HOG01377
N0.HOG00645,N0.HOG00470
N0.HOG05841,N0.HOG07266
N0.HOG06823,N0.HOG04599
N0.HOG01496,N0.HOG07611
N0.HOG02596,N0.HOG01483
N0.HOG06709,N0.HOG04874
N0.HOG01745,N0.HOG05156
N0.HOG00696,N0.HOG04328
N0.HOG02624,N0.HOG05953
N0.HOG04518,N0.HOG06664
N0.HOG03722,N0.HOG05233
N0.HOG01778,N0.HOG02367
N0.HOG01036,N0.HOG00219
N0.HOG02474,N0.HOG02139
N0.HOG03955,N0.HOG07139
N0.HOG05246,N0.HOG07148
N0.HOG00259,N0.HOG06498
N0.HOG01157,N0.HOG01590
N0.HOG04231,N0.HOG03737
N0.HOG00632,N0.HOG01311
N0.HOG04898,N0.HOG01409
N0.HOG07370,N0.HOG00791
N0.HOG05559,N0.HOG04738
N0.HOG02459,N0.HOG06065
N0.HOG02275,N0.HOG00785
N0.HOG04190,N0.HOG02414
N0.HOG00894,N0.HOG05950
N0.HOG07351,N0.HOG05943
N0.HOG03466,N0.HOG03819
N0.HOG03316,N0.HOG05051
N0.HOG00285,N0.HOG06423
N0.HOG01810,N0.HOG02248
N0.HOG05475,N0.HOG04192
N0.HOG05600,N0.HOG05599
N0.HOG05241,N0.HOG05240
N0.HOG04016,N0.HOG06829
N0.HOG04761,N0.HOG05150
N0.HOG04103,N0.HOG03370
N0.HOG02497,N0.HOG05608
N0.HOG05280,N0.HOG00968
N0.HOG03659,N0.HOG05681
N0.HOG06545,N0.HOG02803
N0.HOG04139,N0.HOG01031
N0.HOG06071,N0.HOG05148
N0.HOG05438,N0.HOG04057
N0.HOG07691,N0.HOG02431
N0.HOG04323,N0.HOG03612
N0.HOG05234,N0.HOG01190
N0.HOG06509,N0.HOG07750
N0.HOG04430,N0.HOG06061
N0.HOG06573,N0.HOG02727
N0.HOG03011,N0.HOG04840
N0.HOG06173,N0.HOG01819
N0.HOG06168,N0.HOG06167
N0.HOG02075,N0.HOG03598
N0.HOG04163,N0.HOG05169
N0.HOG06385,N0.HOG04322
N0.HOG03232,N0.HOG00888
N0.HOG06768,N0.HOG07224
N0.HOG06183,N0.HOG06182
N0.HOG04280,N0.HOG04911
N0.HOG04308,N0.HOG05384
N0.HOG05746,N0.HOG04240
N0.HOG04161,N0.HOG06100
N0.HOG05398,N0.HOG02613
N0.HOG01389,N0.HOG04806
N0.HOG03663,N0.HOG02472
N0.HOG03891,N0.HOG05592
N0.HOG06634,N0.HOG04836
N0.HOG07602,N0.HOG02528
N0.HOG02124,N0.HOG07444
N0.HOG04466,N0.HOG01854
N0.HOG05624,N0.HOG05625
N0.HOG00316
N0.HOG00277
N0.HOG00428
N0.HOG00137
N0.HOG00615
N0.HOG00049
N0.HOG00131
N0.HOG00071
N0.HOG00064
N0.HOG00331
N0.HOG00116
N0.HOG00486
N0.HOG00103
N0.HOG00513
N0.HOG00122
N0.HOG00186
N0.HOG00096
N0.HOG00111
N0.HOG00170
N0.HOG00034
N0.HOG00410
N0.HOG00311
N0.HOG00076
N0.HOG00104
N0.HOG00167
N0.HOG00126
N0.HOG00059
N0.HOG00734
N0.HOG00995
N0.HOG02976
N0.HOG00289
N0.HOG00061
N0.HOG00559
N0.HOG00684
N0.HOG00509
N0.HOG01008
N0.HOG00030
N0.HOG01615
N0.HOG00391
N0.HOG00190
N0.HOG00228
N0.HOG00182
N0.HOG00648
N0.HOG00046
N0.HOG00383
N0.HOG00357
N0.HOG01905
N0.HOG01438
N0.HOG00445
N0.HOG00210
N0.HOG00413
N0.HOG00070
N0.HOG00047
N0.HOG01959
N0.HOG00893
N0.HOG00152
N0.HOG00040
N0.HOG00394
N0.HOG01781
N0.HOG00273
N0.HOG00069
N0.HOG00200
N0.HOG00436
N0.HOG00181
N0.HOG00338
N0.HOG00163
N0.HOG00346
N0.HOG00062
N0.HOG00535
N0.HOG00387
N0.HOG00153
N0.HOG00373
N0.HOG00618
N0.HOG00317
N0.HOG00073
N0.HOG00578
N0.HOG01714
N0.HOG00045
N0.HOG00121
N0.HOG00225
N0.HOG03487
N0.HOG00388
N0.HOG01850
N0.HOG01261
N0.HOG00252
N0.HOG00084
N0.HOG00043
N0.HOG00742
N0.HOG00412
N0.HOG00586
N0.HOG00304
N0.HOG00102
N0.HOG00100
N0.HOG00390
N0.HOG00089
N0.HOG00233
N0.HOG00369
N0.HOG00178
N0.HOG00423
N0.HOG00255
N0.HOG02278
N0.HOG00349
N0.HOG00199
N0.HOG00099
N0.HOG01164
N0.HOG00090
N0.HOG00745
N0.HOG01078
N0.HOG00268
N0.HOG00088
N0.HOG01094
N0.HOG00294
N0.HOG00269
N0.HOG00482
N0.HOG00456
N0.HOG00213
N0.HOG00595
N0.HOG00314
N0.HOG00146
N0.HOG00627
N0.HOG00214
N0.HOG00340
N0.HOG00253
N0.HOG00315
N0.HOG00339
N0.HOG00234
N0.HOG01228
N0.HOG00177
N0.HOG00251
N0.HOG01249
N0.HOG01235
N0.HOG00342
N0.HOG02337
N0.HOG00229
N0.HOG00735
N0.HOG00326
N0.HOG01808
N0.HOG00132
N0.HOG00055
N0.HOG00905
N0.HOG00569
N0.HOG01328
N0.HOG00237
N0.HOG00327
N0.HOG00384
N0.HOG00760
N0.HOG00682
N0.HOG00288
N0.HOG00323
N0.HOG01271
N0.HOG00278
N0.HOG00333
N0.HOG00606
N0.HOG01108
N0.HOG00459
N0.HOG01506
N0.HOG00149
N0.HOG00591
N0.HOG00169
N0.HOG02363
N0.HOG00159
N0.HOG00772
N0.HOG01169
N0.HOG00328
N0.HOG00455
N0.HOG00446
N0.HOG00480
N0.HOG00332
N0.HOG00443
N0.HOG00623
N0.HOG00254
N0.HOG00310
N0.HOG00226
N0.HOG00932
N0.HOG00624
N0.HOG00750
N0.HOG00157
N0.HOG00518
N0.HOG00522
N0.HOG01319
N0.HOG00141
N0.HOG00367
N0.HOG01524
N0.HOG00366
N0.HOG00337
N0.HOG00642
N0.HOG00274
N0.HOG01056
N0.HOG02267
N0.HOG00196
N0.HOG01178
N0.HOG00347
N0.HOG01606
N0.HOG01028
N0.HOG02217
N0.HOG00668
N0.HOG00156
N0.HOG00264
N0.HOG00580
N0.HOG00781
N0.HOG00301
N0.HOG00806
N0.HOG03248
N0.HOG00344
N0.HOG00469
N0.HOG00511
N0.HOG00707
N0.HOG01303
N0.HOG02158
N0.HOG00638
N0.HOG00375
N0.HOG00986
N0.HOG02134
N0.HOG03084
N0.HOG01325
N0.HOG00605
N0.HOG00295
N0.HOG00521
N0.HOG00572
N0.HOG00800
N0.HOG00477
N0.HOG00085
N0.HOG00780
N0.HOG00458
N0.HOG00217
N0.HOG00927
N0.HOG00336
N0.HOG00884
N0.HOG01313
N0.HOG00739
N0.HOG00985
N0.HOG00401
N0.HOG00581
N0.HOG01135
N0.HOG01119
N0.HOG00472
N0.HOG02066
N0.HOG00431
N0.HOG00834
N0.HOG02106
N0.HOG00320
N0.HOG03442
N0.HOG02934
N0.HOG00628
N0.HOG01774
N0.HOG03089
N0.HOG00107
N0.HOG02798
