N0.HOG00135,N0.HOG00124,N0.HOG00528
N0.HOG03855,N0.HOG04831,N0.HOG00118
N0.HOG02650,N0.HOG00211,N0.HOG03328
N0.HOG05240,N0.HOG05241,N0.HOG05715,N0.HOG02470
N0.HOG05319,N0.HOG00280
N0.HOG00044,N0.HOG00023,N0.HOG03297
N0.HOG00871,N0.HOG00035,N0.HOG00449
N0.HOG00104,N0.HOG00734,N0.HOG01301
N0.HOG00714,N0.HOG00931,N0.HOG01780
N0.HOG00068,N0.HOG05459,N0.HOG06922
N0.HOG06196,N0.HOG00539
N0.HOG01407,N0.HOG05557,N0.HOG06050
N0.HOG05627,N0.HOG00175
N0.HOG00178,N0.HOG05356
N0.HOG02564,N0.HOG00236
N0.HOG03466,N0.HOG01756,N0.HOG03819
N0.HOG01097,N0.HOG00703
N0.HOG06183,N0.HOG06646,N0.HOG06182
N0.HOG00345,N0.HOG08059
N0.HOG01088,N0.HOG01591
N0.HOG03229,N0.HOG00812
N0.HOG00024,N0.HOG00668
N0.HOG00207,N0.HOG01335
N0.HOG00170,N0.HOG02538
N0.HOG00767,N0.HOG01351
N0.HOG01098,N0.HOG01314
N0.HOG02371,N0.HOG00018
N0.HOG06652,N0.HOG01516
N0.HOG03869,N0.HOG06789
N0.HOG01315,N0.HOG01195
N0.HOG01445,N0.HOG01155
N0.HOG01085,N0.HOG05336
N0.HOG04011,N0.HOG03425
N0.HOG00445,N0.HOG01222
N0.HOG03755,N0.HOG05783
N0.HOG04572,N0.HOG03752
N0.HOG01212,N0.HOG05292
N0.HOG01180,N0.HOG01365
N0.HOG00949,N0.HOG04918
N0.HOG03895,N0.HOG00887
N0.HOG00913,N0.HOG05339
N0.HOG00086,N0.HOG00139
N0.HOG00057,N0.HOG02278
N0.HOG00204,N0.HOG06864
N0.HOG02364,N0.HOG00351
N0.HOG01342,N0.HOG04134
N0.HOG02773,N0.HOG00346
N0.HOG05785,N0.HOG01151
N0.HOG01363,N0.HOG01474
N0.HOG00526,N0.HOG02030
N0.HOG00440,N0.HOG04265
N0.HOG00496,N0.HOG00560
N0.HOG01599,N0.HOG06431
N0.HOG02415,N0.HOG01526
N0.HOG07157,N0.HOG00622
N0.HOG02700,N0.HOG01850
N0.HOG05872,N0.HOG06369
N0.HOG05204,N0.HOG00252
N0.HOG03131,N0.HOG00742
N0.HOG06157,N0.HOG04206
N0.HOG06398,N0.HOG00596
N0.HOG05213,N0.HOG02980
N0.HOG06326,N0.HOG06955
N0.HOG05603,N0.HOG01360
N0.HOG01164,N0.HOG05624
N0.HOG00745,N0.HOG05717
N0.HOG01452,N0.HOG06684
N0.HOG01446,N0.HOG07060
N0.HOG05625,N0.HOG01376
N0.HOG01341,N0.HOG06067
N0.HOG00370,N0.HOG06373
N0.HOG03922,N0.HOG03527
N0.HOG00868,N0.HOG02731
N0.HOG07076,N0.HOG01513
N0.HOG05201,N0.HOG03921
N0.HOG03526,N0.HOG01177
N0.HOG05146,N0.HOG00595
N0.HOG07377,N0.HOG02238
N0.HOG04336,N0.HOG02341
N0.HOG05119,N0.HOG01536
N0.HOG01406,N0.HOG03879
N0.HOG01124,N0.HOG06315
N0.HOG04478,N0.HOG01608
N0.HOG00418,N0.HOG03057
N0.HOG00342,N0.HOG02993
N0.HOG01565,N0.HOG05771
N0.HOG01614,N0.HOG06823
N0.HOG05875,N0.HOG04033
N0.HOG03134,N0.HOG00237
N0.HOG04884,N0.HOG05764
N0.HOG04280,N0.HOG00384
N0.HOG05953,N0.HOG02624
N0.HOG03722,N0.HOG05233
N0.HOG03723,N0.HOG00776
N0.HOG02367,N0.HOG01778
N0.HOG01036,N0.HOG00219
N0.HOG01653,N0.HOG02924
N0.HOG01157,N0.HOG01590
N0.HOG04231,N0.HOG03737
N0.HOG02831,N0.HOG01374
N0.HOG01311,N0.HOG00632
N0.HOG02620,N0.HOG03810
N0.HOG00623,N0.HOG00344
N0.HOG00602,N0.HOG07130
N0.HOG05040,N0.HOG02181
N0.HOG01409,N0.HOG04898
N0.HOG04738,N0.HOG05559
N0.HOG05590,N0.HOG04446
N0.HOG01779,N0.HOG02459
N0.HOG03769,N0.HOG03029
N0.HOG04190,N0.HOG02414
N0.HOG05950,N0.HOG00894
N0.HOG05466,N0.HOG03592
N0.HOG03316,N0.HOG05051
N0.HOG01470,N0.HOG01868
N0.HOG04192,N0.HOG05475
N0.HOG05599,N0.HOG06565
N0.HOG01238,N0.HOG00926
N0.HOG06723,N0.HOG05283
N0.HOG06213,N0.HOG01028
N0.HOG04014,N0.HOG04296
N0.HOG05149,N0.HOG00301
N0.HOG04103,N0.HOG03370
N0.HOG05608,N0.HOG02497
N0.HOG00968,N0.HOG05280
N0.HOG03659,N0.HOG05681
N0.HOG04513,N0.HOG05683
N0.HOG02323,N0.HOG05223
N0.HOG04139,N0.HOG01031
N0.HOG05148,N0.HOG06071
N0.HOG04722,N0.HOG00886
N0.HOG05837,N0.HOG04288
N0.HOG04323,N0.HOG03612
N0.HOG04813,N0.HOG01444
N0.HOG04183,N0.HOG04810
N0.HOG01190,N0.HOG05234
N0.HOG06509,N0.HOG07750
N0.HOG03685,N0.HOG03893
N0.HOG06082,N0.HOG04147
N0.HOG01281,N0.HOG00739
N0.HOG03883,N0.HOG03359
N0.HOG06573,N0.HOG02727
N0.HOG04840,N0.HOG03011
N0.HOG01819,N0.HOG06173
N0.HOG06168,N0.HOG06167
N0.HOG02822,N0.HOG06205
N0.HOG06456,N0.HOG06316
N0.HOG04752,N0.HOG06037
N0.HOG00085,N0.HOG00095
N0.HOG03620,N0.HOG04340
N0.HOG04830,N0.HOG04503
N0.HOG02763,N0.HOG03246
N0.HOG02228,N0.HOG05593
N0.HOG06176,N0.HOG00583
N0.HOG06555,N0.HOG04436
N0.HOG04308,N0.HOG05384
N0.HOG04950,N0.HOG01168
N0.HOG07208,N0.HOG03132
N0.HOG01735,N0.HOG02476
N0.HOG07261,N0.HOG06321
N0.HOG02037,N0.HOG01135
N0.HOG04962,N0.HOG02759
N0.HOG03900,N0.HOG03692
N0.HOG02829,N0.HOG01366
N0.HOG05398,N0.HOG02613
N0.HOG06309,N0.HOG07251
N0.HOG02913,N0.HOG04856
N0.HOG02098,N0.HOG03331
N0.HOG04806,N0.HOG01389
N0.HOG03891,N0.HOG05592
N0.HOG04836,N0.HOG06634
N0.HOG07444,N0.HOG02124
N0.HOG00316
N0.HOG01091
N0.HOG01123
N0.HOG00143
N0.HOG00067
N0.HOG00137
N0.HOG00049
N0.HOG02294
N0.HOG00131
N0.HOG00071
N0.HOG01181
N0.HOG00064
N0.HOG00101
N0.HOG00362
N0.HOG00116
N0.HOG00486
N0.HOG00103
N0.HOG00122
N0.HOG02024
N0.HOG01530
N0.HOG00885
N0.HOG00186
N0.HOG02708
N0.HOG01501
N0.HOG00027
N0.HOG00111
N0.HOG00034
N0.HOG00311
N0.HOG00076
N0.HOG00167
N0.HOG00126
N0.HOG00059
N0.HOG00720
N0.HOG01553
N0.HOG00262
N0.HOG00147
N0.HOG01794
N0.HOG00393
N0.HOG00093
N0.HOG00289
N0.HOG00061
N0.HOG00684
N0.HOG00205
N0.HOG00091
N0.HOG02674
N0.HOG01183
N0.HOG00030
N0.HOG01623
N0.HOG00083
N0.HOG00391
N0.HOG00190
N0.HOG00228
N0.HOG00109
N0.HOG00648
N0.HOG00282
N0.HOG00046
N0.HOG00558
N0.HOG00607
N0.HOG01438
N0.HOG00210
N0.HOG00272
N0.HOG01845
N0.HOG00413
N0.HOG00070
N0.HOG00232
N0.HOG00047
N0.HOG00152
N0.HOG00040
N0.HOG00140
N0.HOG00273
N0.HOG00113
N0.HOG00069
N0.HOG00436
N0.HOG00181
N0.HOG01296
N0.HOG00535
N0.HOG00153
N0.HOG00618
N0.HOG00073
N0.HOG00578
N0.HOG00045
N0.HOG03789
N0.HOG00225
N0.HOG00409
N0.HOG01937
N0.HOG02951
N0.HOG00388
N0.HOG02608
N0.HOG00123
N0.HOG00951
N0.HOG01261
N0.HOG00043
N0.HOG02563
N0.HOG00112
N0.HOG00304
N0.HOG00102
N0.HOG00089
N0.HOG00233
N0.HOG00369
N0.HOG00423
N0.HOG00255
N0.HOG02208
N0.HOG00199
N0.HOG00993
N0.HOG00726
N0.HOG00099
N0.HOG00090
N0.HOG00948
N0.HOG01109
N0.HOG01191
N0.HOG00020
N0.HOG02082
N0.HOG00268
N0.HOG00520
N0.HOG00088
N0.HOG00705
N0.HOG01072
N0.HOG00294
N0.HOG00269
N0.HOG00482
N0.HOG00733
N0.HOG02320
N0.HOG00456
N0.HOG02413
N0.HOG00213
N0.HOG00399
N0.HOG02837
N0.HOG00185
N0.HOG00247
N0.HOG00510
N0.HOG00214
N0.HOG01875
N0.HOG02567
N0.HOG00315
N0.HOG00339
N0.HOG01624
N0.HOG00177
N0.HOG00566
N0.HOG00229
N0.HOG01707
N0.HOG00326
N0.HOG00457
N0.HOG00132
N0.HOG00551
N0.HOG02192
N0.HOG02485
N0.HOG02437
N0.HOG00288
N0.HOG03064
N0.HOG00323
N0.HOG00352
N0.HOG00614
N0.HOG02169
N0.HOG02139
N0.HOG01108
N0.HOG00459
N0.HOG00259
N0.HOG00149
N0.HOG00591
N0.HOG01683
N0.HOG01820
N0.HOG00772
N0.HOG02744
N0.HOG01068
N0.HOG01210
N0.HOG00328
N0.HOG00455
N0.HOG00480
N0.HOG00443
N0.HOG00453
N0.HOG03056
N0.HOG02296
N0.HOG00254
N0.HOG00310
N0.HOG01004
N0.HOG00226
N0.HOG00188
N0.HOG01048
N0.HOG00157
N0.HOG00141
N0.HOG00645
N0.HOG00366
N0.HOG02492
N0.HOG02495
N0.HOG02298
N0.HOG00274
N0.HOG02226
N0.HOG01988
N0.HOG02887
N0.HOG01817
N0.HOG02504
N0.HOG02300
N0.HOG01830
N0.HOG02406
N0.HOG00196
N0.HOG01833
N0.HOG00654
N0.HOG00156
N0.HOG00264
N0.HOG01084
N0.HOG00580
N0.HOG03340
N0.HOG00411
N0.HOG01973
N0.HOG01811
N0.HOG02803
N0.HOG01148
N0.HOG01609
N0.HOG00469
N0.HOG00511
N0.HOG00593
N0.HOG00154
N0.HOG00707
N0.HOG01361
N0.HOG02373
N0.HOG01896
N0.HOG00986
N0.HOG01194
N0.HOG02134
N0.HOG00435
N0.HOG00605
N0.HOG00521
N0.HOG02986
N0.HOG00823
N0.HOG02603
N0.HOG00217
N0.HOG01928
N0.HOG00927
N0.HOG00382
N0.HOG00336
N0.HOG02229
N0.HOG03067
N0.HOG00909
N0.HOG00644
N0.HOG01796
N0.HOG01741
N0.HOG01892
N0.HOG00363
N0.HOG00313
N0.HOG01256
N0.HOG00581
N0.HOG01812
N0.HOG01790
N0.HOG00472
N0.HOG04604
N0.HOG02026
N0.HOG02815
N0.HOG02670
N0.HOG00692
N0.HOG03000
N0.HOG02687
N0.HOG00320
N0.HOG02657
N0.HOG01396
N0.HOG01972
N0.HOG00628
N0.HOG02242
N0.HOG02472
N0.HOG03290
N0.HOG02559
N0.HOG01500
N0.HOG02235
N0.HOG00107
N0.HOG02524
N0.HOG02462
